{
    "name": "MysticPay",
    "short_name": "MysticPay",
    "start_url": "index.php",
    "display": "standalone",
    "scope" : "/",
    "background_color": "#000000",
    "theme_color": "#000000",
    "orientation": "portrait",
    "icons": [
        {
            "src": "library/assets/mobile/img/icon/72x72M.png",
            "type": "image/png",
            "sizes": "72x72",
            "purpose": "any maskable"
        },
        {
            "src": "library/assets/mobile/img/icon/96x96M.png",
            "type": "image/png",
            "sizes": "96x96",
            "purpose": "any maskable"
        },
        {
            "src": "library/assets/mobile/img/icon/128x128M.png",
            "type": "image/png",
            "sizes": "128x128",
            "purpose": "any maskable"
        },
        {
            "src": "library/assets/mobile/img/icon/144x144M.png",
            "type": "image/png",
            "sizes": "144x144",
            "purpose": "any maskable"
        },
        {
            "src": "library/assets/mobile/img/icon/152x152M.png",
            "type": "image/png",
            "sizes": "152x152",
            "purpose": "any maskable"
        },
        {
            "src": "library/assets/mobile/img/icon/192x192M.png",
            "type": "image/png",
            "sizes": "192x192",
            "purpose": "any maskable"
        },
        {
            "src": "library/assets/mobile/img/icon/384x384M.png",
            "type": "image/png",
            "sizes": "384x384",
            "purpose": "any maskable"
        },
        {
            "src": "library/assets/mobile/img/icon/512x512M.png",
            "type": "image/png",
            "sizes": "512x512",
            "purpose": "any maskable"
        }
    ]
}